title,release_year,certificate,run_time,genre,rating,gross (USD),votes,director,description
Pulp Fiction,1994,R,154 min,"Crime, Drama",8.9,$107.93M,"2,061,161",Quentin Tarantino,"The lives of two mob hitmen, a boxer, a gangster and his wife, and a pair of diner bandits intertwine in four tales of violence and redemption."
Saving Private Ryan,1998,R,169 min,"Drama, War",8.6,$216.54M,"1,395,670",Steven Spielberg,"Following the Normandy Landings, a group of U.S. soldiers go behind enemy lines to retrieve a paratrooper whose brothers have been killed in action."
The Departed,2006,R,151 min,"Crime, Drama, Thriller",8.5,$132.38M,"1,329,621",Martin Scorsese,An undercover cop and a mole in the police attempt to identify each other while infiltrating an Irish gang in South Boston.
Heat,1995,R,170 min,"Action, Crime, Drama",8.3,$67.44M,"658,939",Michael Mann,A group of high-end professional thieves start to feel the heat from the LAPD when they unknowingly leave a clue at their latest heist.
The Silence of the Lambs,1991,R,118 min,"Crime, Drama, Thriller",8.6,$130.74M,"1,436,892",Jonathan Demme,"A young F.B.I. cadet must receive the help of an incarcerated and manipulative cannibal killer to help catch another serial killer, a madman who skins his victims."
No Country for Old Men,2007,R,122 min,"Crime, Drama, Thriller",8.2,$74.28M,"978,575",Ethan Coen,Violence and mayhem ensue after a hunter stumbles upon a drug deal gone wrong and more than two million dollars in cash near the Rio Grande.
Toy Story,1995,G,81 min,"Animation, Adventure, Comedy",8.3,$191.80M,"997,568",John Lasseter,A cowboy doll is profoundly threatened and jealous when a new spaceman action figure supplants him as top toy in a boy's bedroom.
The Shawshank Redemption,1994,R,142 min,Drama,9.3,$28.34M,"2,686,522",Frank Darabont,"Over the course of several years, two convicts form a friendship, seeking consolation and, eventually, redemption through basic compassion."
Gangs of New York,2002,R,167 min,"Crime, Drama",7.5,$77.81M,"445,998",Martin Scorsese,"In 1862, Amsterdam Vallon returns to the Five Points area of New York City seeking revenge against Bill the Butcher, his father's killer."
The Lord of the Rings: The Two Towers,2002,PG-13,179 min,"Action, Adventure, Drama",8.8,$342.55M,"1,671,394",Peter Jackson,"While Frodo and Sam edge closer to Mordor with the help of the shifty Gollum, the divided fellowship makes a stand against Sauron's new ally, Saruman, and his hordes of Isengard."
The Lord of the Rings: The Fellowship of the Ring,2001,PG-13,178 min,"Action, Adventure, Drama",8.8,$315.54M,"1,880,503",Peter Jackson,A meek Hobbit from the Shire and eight companions set out on a journey to destroy the powerful One Ring and save Middle-earth from the Dark Lord Sauron.
Se7en,1995,R,127 min,"Crime, Drama, Mystery",8.6,$100.13M,"1,657,891",David Fincher,"Two detectives, a rookie and a veteran, hunt a serial killer who uses the seven deadly sins as his motives."
Happy Gilmore,1996,PG-13,92 min,"Comedy, Sport",7,$38.62M,"229,326",Dennis Dugan,A rejected hockey player puts his skills to the golf course to save his grandmother's house.
The Lord of the Rings: The Return of the King,2003,PG-13,201 min,"Action, Adventure, Drama",9,$377.85M,"1,850,905",Peter Jackson,Gandalf and Aragorn lead the World of Men against Sauron's army to draw his gaze from Frodo and Sam as they approach Mount Doom with the One Ring.
Unbreakable,2000,PG-13,106 min,"Drama, Mystery, Sci-Fi",7.3,$95.01M,"421,251",M. Night Shyamalan,A man learns something extraordinary about himself after a devastating accident.
The Dark Knight,2008,PG-13,152 min,"Action, Crime, Drama",9,$534.86M,"2,659,760",Christopher Nolan,"When the menace known as the Joker wreaks havoc and chaos on the people of Gotham, Batman must accept one of the greatest psychological and physical tests of his ability to fight injustice."
Road to Perdition,2002,R,117 min,"Crime, Drama, Thriller",7.7,$104.45M,"270,894",Sam Mendes,"A mob enforcer's son in 1930s Illinois witnesses a murder, forcing him and his father to take to the road, and his father down a path of redemption and revenge."
The Hangover,2009,R,100 min,Comedy,7.7,$277.32M,"790,917",Todd Phillips,"Three buddies wake up from a bachelor party in Las Vegas, with no memory of the previous night and the bachelor missing. They make their way around the city in order to find their friend before his wedding."
The Matrix,1999,R,136 min,"Action, Sci-Fi",8.7,$171.48M,"1,918,023",Lana Wachowski,"When a beautiful stranger leads computer hacker Neo to a forbidding underworld, he discovers the shocking truth--the life he knows is the elaborate deception of an evil cyber-intelligence."
Gladiator,2000,R,155 min,"Action, Adventure, Drama",8.5,$187.71M,"1,505,245",Ridley Scott,A former Roman General sets out to exact vengeance against the corrupt emperor who murdered his family and sent him into slavery.
Black Hawk Down,2001,R,144 min,"Action, Drama, History",7.7,$108.64M,"400,123",Ridley Scott,"The story of 160 elite U.S. soldiers who dropped into Mogadishu in October 1993 to capture two top lieutenants of a renegade warlord, but found themselves in a desperate battle with a large force of heavily-armed Somalis."
Sling Blade,1996,R,135 min,Drama,8,$24.48M,"94,954",Billy Bob Thornton,"Karl Childers, a simple man hospitalized since his childhood murder of his mother and her lover, is released to start a new life in a small town."
Kingpin,1996,PG-13,114 min,"Comedy, Sport",6.9,$24.94M,"85,950",Bobby Farrelly,"A star bowler whose career was prematurely ""cut off"" hopes to ride a new prodigy to success and riches."
Reservoir Dogs,1992,R,99 min,"Crime, Thriller",8.3,$2.83M,"1,022,663",Quentin Tarantino,"When a simple jewelry heist goes horribly wrong, the surviving criminals begin to suspect that one of them is a police informant."
Zodiac,2007,R,157 min,"Crime, Drama, Mystery",7.7,$33.08M,"547,359",David Fincher,"Between 1968 and 1983, a San Francisco cartoonist becomes an amateur detective obsessed with tracking down the Zodiac Killer, an unidentified individual who terrorizes Northern California with a killing spree."
Mystic River,2003,R,138 min,"Crime, Drama, Mystery",7.9,$90.14M,"460,290",Clint Eastwood,The lives of three men who were childhood friends are shattered when one of them has a family tragedy.
There's Something About Mary,1998,R,119 min,"Comedy, Romance",7.1,$176.48M,"314,681",Bobby Farrelly,"A man gets a chance to meet up with his dream girl from high school, even though his date with her back then was a complete disaster."
Jackie Brown,1997,R,154 min,"Crime, Drama, Thriller",7.5,$39.67M,"353,208",Quentin Tarantino,"A flight attendant with a criminal past gets nabbed by the ATF for smuggling. Under pressure to become an informant against the drug dealer she works for, she must find a way to secure her future without getting killed."
Inception,2010,PG-13,148 min,"Action, Adventure, Sci-Fi",8.8,$292.58M,"2,359,217",Christopher Nolan,"A thief who steals corporate secrets through the use of dream-sharing technology is given the inverse task of planting an idea into the mind of a C.E.O., but his tragic past may doom the project and his team to disaster."
Ready to Rumble,2000,PG-13,107 min,"Comedy, Sport",5.3,$12.37M,"14,631",Brian Robbins,Two slacker wrestling fans are devastated by the ousting of their favorite character by an unscrupulous promoter.
Munich,2005,R,164 min,"Action, Drama, History",7.5,$47.40M,"229,361",Steven Spielberg,"After the Black September capture and massacre of Israeli athletes at the 1972 Olympics, five men are chosen to eliminate the people responsible for that fateful day."
Fight Club,1999,R,139 min,Drama,8.8,$37.03M,"2,131,945",David Fincher,An insomniac office worker and a devil-may-care soap maker form an underground fight club that evolves into much more.
Forrest Gump,1994,PG-13,142 min,"Drama, Romance",8.8,$330.25M,"2,085,245",Robert Zemeckis,"The presidencies of Kennedy and Johnson, the Vietnam War, the Watergate scandal and other historical events unfold from the perspective of an Alabama man with an IQ of 75, whose only desire is to be reunited with his childhood sweetheart."
Ace Ventura: Pet Detective,1994,PG-13,86 min,Comedy,6.9,$72.22M,"306,065",Tom Shadyac,A goofy detective specializing in animals goes in search of the missing mascot of the Miami Dolphins.
Tommy Boy,1995,PG-13,97 min,"Adventure, Comedy",7.1,$32.70M,"89,894",Peter Segal,"After his auto-parts tycoon father dies, the overweight, underachieving son teams up with a snide accountant to try and save the family business."
A Beautiful Mind,2001,PG-13,135 min,"Biography, Drama",8.2,$170.74M,"936,241",Ron Howard,"After John Nash, a brilliant but asocial mathematician, accepts secret work in cryptography, his life takes a turn for the nightmarish."
The Boondock Saints,1999,R,108 min,"Action, Thriller",7.7,$0.03M,"241,009",Troy Duffy,Two Irish Catholic brothers become vigilantes and wipe out Boston's criminal underworld in the name of God.
One Hour Photo,2002,R,96 min,"Drama, Thriller",6.8,$31.60M,"125,109",Mark Romanek,A mentally unstable photo developer targets an upper middle-class family after his obsession with them becomes more sick and disturbing than any of them could imagine.
Catch Me If You Can,2002,PG-13,141 min,"Biography, Crime, Drama",8.1,$164.62M,"989,376",Steven Spielberg,"Barely 21 yet, Frank is a skilled forger who has passed as a doctor, lawyer and pilot. FBI agent Carl becomes obsessed with tracking down the con man, who only revels in the pursuit."
Mr. Brooks,2007,R,120 min,"Crime, Drama, Thriller",7.3,$28.48M,"151,851",Bruce A. Evans,A well-respected businessman is sometimes controlled by his murder and mayhem-loving alter ego.
Shutter Island,2010,R,138 min,"Mystery, Thriller",8.2,$128.01M,"1,321,436",Martin Scorsese,"In 1954, a U.S. Marshal investigates the disappearance of a murderer who escaped from a hospital for the criminally insane."
Toy Story 2,1999,G,92 min,"Animation, Adventure, Comedy",7.9,$245.85M,"585,183",John Lasseter,"When Woody is stolen by a toy collector, Buzz and his friends set out on a rescue mission to save Woody before he becomes a museum toy property with his roundup gang Jessie, Prospector, and Bullseye."
The Godfather,1972,R,175 min,"Crime, Drama",9.2,$134.97M,"1,863,070",Francis Ford Coppola,The aging patriarch of an organized crime dynasty in postwar New York City transfers control of his clandestine empire to his reluctant youngest son.
The Birdcage,1996,R,117 min,Comedy,7.2,$124.06M,"91,653",Mike Nichols,A gay cabaret owner and his drag queen companion agree to put up a false straight front so that their son can introduce them to his fiancée's right-wing moralistic parents.
Big Fish,2003,PG-13,125 min,"Adventure, Drama, Fantasy",8,$66.26M,"443,889",Tim Burton,A frustrated son tries to determine the fact from fiction in his dying father's life.
"Monsters, Inc.",2001,G,92 min,"Animation, Adventure, Comedy",8.1,$289.92M,"913,129",Pete Docter,"In order to power the city, monsters have to scare children so that they scream. However, the children are toxic to the monsters, and after a child gets through, two monsters realize things may not be what they think."
Heavyweights,1995,PG,100 min,"Comedy, Drama, Family",6.6,$17.69M,"28,666",Steven Brill,"Plump kids are lured into joining a posh fat camp with the promise of quick weight loss and good times, only to find that it is a woodland hellhole run by a psycho ex-fitness instructor."
300,2006,R,117 min,"Action, Drama",7.6,$210.61M,"824,836",Zack Snyder,King Leonidas of Sparta and a force of 300 men fight the Persians at Thermopylae in 480 B.C.
Dumb and Dumber,1994,PG-13,107 min,Comedy,7.3,$127.18M,"389,518",Peter Farrelly,"After a woman leaves a briefcase at the airport terminal, a dumb limo driver and his dumber friend set out on a hilarious cross-country road trip to Aspen to return it."
American History X,1998,R,119 min,"Crime, Drama",8.5,$6.72M,"1,126,167",Tony Kaye,A former neo-nazi skinhead tries to prevent his younger brother from going down the same wrong path that he did.
L.A. Confidential,1997,R,138 min,"Crime, Drama, Mystery",8.2,$64.62M,"585,938",Curtis Hanson,"As corruption grows in 1950s Los Angeles, three policemen - one strait-laced, one brutal, and one sleazy - investigate a series of murders with their own brand of justice."
Donnie Brasco,1997,R,127 min,"Biography, Crime, Drama",7.7,$41.91M,"311,893",Mike Newell,"An FBI undercover agent infiltrates the mob and finds himself identifying more with the mafia life, at the expense of his regular one."
Step Brothers,2008,R,98 min,Comedy,6.9,$100.47M,"299,410",Adam McKay,Two aimless middle-aged losers still living at home are forced against their will to become roommates when their parents marry.
Ratatouille,2007,G,111 min,"Animation, Adventure, Comedy",8.1,$206.45M,"742,428",Brad Bird,A rat who can cook makes an unusual alliance with a young kitchen worker at a famous Paris restaurant.
Watchmen,2009,R,162 min,"Action, Drama, Mystery",7.6,$107.51M,"555,482",Zack Snyder,"In 1985 where former superheroes exist, the murder of a colleague sends active vigilante Rorschach into his own sprawling investigation, uncovering something that could completely change the course of history as we know it."
Running Scared,2006,R,122 min,"Action, Crime, Drama",7.3,$6.86M,"100,845",Wayne Kramer,"A low-ranking thug is entrusted by his crime boss to dispose of a gun that killed corrupt cops, but things get out of control when the gun ends up in wrong hands."
Master and Commander: The Far Side of the World,2003,PG-13,138 min,"Action, Adventure, Drama",7.4,$93.93M,"224,380",Peter Weir,"During the Napoleonic Wars, a brash British captain pushes his ship and crew to their limits in pursuit of a formidable French war vessel around South America."
One Flew Over the Cuckoo's Nest,1975,R,133 min,Drama,8.7,$112.00M,"1,010,907",Milos Forman,"In the Fall of 1963, a Korean War veteran and criminal pleads insanity and is admitted to a mental institution, where he rallies up the scared patients against the tyrannical nurse."
A Few Good Men,1992,R,138 min,"Drama, Thriller",7.7,$141.34M,"267,681",Rob Reiner,Military lawyer Lieutenant Daniel Kaffee defends Marines accused of murder. They contend they were acting under orders.
Collateral,2004,R,120 min,"Action, Crime, Drama",7.5,$101.01M,"408,999",Michael Mann,A cab driver finds himself the hostage of an engaging contract killer as he makes his rounds from hit to hit during one night in Los Angeles.
Being John Malkovich,1999,R,113 min,"Comedy, Drama, Fantasy",7.8,$22.86M,"338,754",Spike Jonze,A puppeteer discovers a portal that leads literally into the head of movie star John Malkovich.
The Big Lebowski,1998,R,117 min,"Comedy, Crime",8.1,$17.50M,"812,834",Joel Coen,"Ultimate L.A. slacker Jeff ""The Dude"" Lebowski, mistaken for a millionaire of the same name, seeks restitution for a rug ruined by debt collectors, enlisting his bowling buddies for help while trying to find the millionaire's missing wife."
The Prestige,2006,PG-13,130 min,"Drama, Mystery, Sci-Fi",8.5,$53.09M,"1,337,666",Christopher Nolan,"After a tragic accident, two stage magicians in 1890s London engage in a battle to create the ultimate illusion while sacrificing everything they have to outwit each other."
True Grit,2010,PG-13,110 min,"Drama, Western",7.6,$171.24M,"342,298",Ethan Coen,A stubborn teenager enlists the help of a tough U.S. Marshal to track down her father's murderer.
GoodFellas,1990,R,145 min,"Biography, Crime, Drama",8.7,$46.84M,"1,165,532",Martin Scorsese,"The story of Henry Hill and his life in the mob, covering his relationship with his wife Karen Hill and his mob partners Jimmy Conway and Tommy DeVito in the Italian-American crime syndicate."
Good Will Hunting,1997,R,126 min,"Drama, Romance",8.3,$138.43M,"976,463",Gus Van Sant,"Will Hunting, a janitor at M.I.T., has a gift for mathematics, but needs help from a psychologist to find direction in his life."
The Sixth Sense,1999,PG-13,107 min,"Drama, Mystery, Thriller",8.2,$293.51M,"995,607",M. Night Shyamalan,"A frightened, withdrawn Philadelphia boy who communicates with spirits seeks the help of a disheartened child psychologist."
Red Dragon,2002,R,124 min,"Crime, Drama, Thriller",7.2,$93.15M,"276,662",Brett Ratner,"A retired FBI agent with psychological gifts is assigned to help track down ""The Tooth Fairy"", a mysterious serial killer. Aiding him is imprisoned forensic psychiatrist Dr. Hannibal ""The Cannibal"" Lecter."
Braveheart,1995,R,178 min,"Biography, Drama, History",8.4,$75.60M,"1,041,129",Mel Gibson,Scottish warrior William Wallace leads his countrymen in a rebellion to free his homeland from the tyranny of King Edward I of England.
The Town,2010,R,125 min,"Crime, Drama, Thriller",7.5,$92.19M,"394,553",Ben Affleck,"A proficient group of thieves rob a bank and hold Claire, the assistant manager, hostage. Things begin to get complicated when one of the crew members falls in love with Claire."
The Shining,1980,R,146 min,"Drama, Horror",8.4,$44.02M,"1,026,749",Stanley Kubrick,"A family heads to an isolated hotel for the winter where a sinister presence influences the father into violence, while his psychic son sees horrific forebodings from both past and future."
The Illusionist,2006,PG-13,110 min,"Drama, Fantasy, Mystery",7.6,$39.87M,"375,555",Neil Burger,"In turn-of-the-century Vienna, a magician uses his abilities to secure the love of a woman far above his social standing."
Borat,2006,R,84 min,Comedy,7.3,$128.51M,"414,188",Larry Charles,"Kazakh TV talking head Borat is dispatched to the United States to report on the greatest country in the world. With a documentary crew in tow, Borat becomes more interested in locating and marrying Pamela Anderson."
Aladdin,1992,G,90 min,"Animation, Adventure, Comedy",8,$217.35M,"424,309",Ron Clements,A kindhearted street urchin and a power-hungry Grand Vizier vie for a magic lamp that has the power to make their deepest wishes come true.
Half Baked,1998,R,82 min,"Comedy, Crime",6.6,$17.28M,"64,815",Tamra Davis,The story of three not so bright men who come up with a series of crazy schemes to get a friend out of jail.
Pan's Labyrinth,2006,R,118 min,"Drama, Fantasy, War",8.2,$37.63M,"672,564",Guillermo del Toro,"In the Falangist Spain of 1944, the bookish young stepdaughter of a sadistic army officer escapes into an eerie but captivating fantasy world."
Death to Smoochy,2002,R,109 min,"Comedy, Crime, Drama",6.3,$8.36M,"41,013",Danny DeVito,"A kids' show host, Rainbow Randolph, is fired in disgrace while his replacement, Sheldon Mopes, A.K.A. Smoochy the Rhino, finds himself a rising star. Unfortunately for Sheldon, the business of kids' television isn't all child's play."
Casino,1995,R,178 min,"Crime, Drama",8.2,$42.44M,"523,987",Martin Scorsese,"A tale of greed, deception, money, power, and murder occur between two best friends: a mafia enforcer and a casino executive compete against each other over a gambling empire, and over a fast-living and fast-loving socialite."
Memento,2000,R,113 min,"Mystery, Thriller",8.4,$25.54M,"1,242,437",Christopher Nolan,A man with short-term memory loss attempts to track down his wife's murderer.
Titanic,1997,PG-13,194 min,"Drama, Romance",7.9,$659.33M,"1,181,259",James Cameron,"A seventeen-year-old aristocrat falls in love with a kind but poor artist aboard the luxurious, ill-fated R.M.S. Titanic."
The Da Vinci Code,2006,PG-13,149 min,"Mystery, Thriller",6.6,$217.54M,"436,864",Ron Howard,"A murder inside the Louvre, and clues in Da Vinci paintings, lead to the discovery of a religious mystery protected by a secret society for two thousand years, which could shake the foundations of Christianity."
Star Trek,2009,PG-13,127 min,"Action, Adventure, Sci-Fi",7.9,$257.73M,"606,072",J.J. Abrams,The brash James T. Kirk tries to live up to his father's legacy with Mr. Spock keeping him in check as a vengeful Romulan from the future creates black holes to destroy the Federation one planet at a time.
Saw,2004,R,103 min,"Horror, Mystery, Thriller",7.6,$56.00M,"426,285",James Wan,"Two strangers awaken in a room with no recollection of how they got there, and soon discover they're pawns in a deadly game perpetrated by a notorious serial killer."
American Beauty,1999,R,122 min,Drama,8.4,$130.10M,"1,158,389",Sam Mendes,A sexually frustrated suburban father has a mid-life crisis after becoming infatuated with his daughter's best friend.
The Godfather: Part II,1974,R,202 min,"Crime, Drama",9,$57.30M,"1,274,713",Francis Ford Coppola,"The early life and career of Vito Corleone in 1920s New York City is portrayed, while his son, Michael, expands and tightens his grip on the family crime syndicate."
The 40-Year-Old Virgin,2005,R,116 min,"Comedy, Romance",7.1,$109.45M,"442,235",Judd Apatow,"Goaded by his buddies, a nerdy guy who's never ""done the deed"" only finds the pressure mounting when he meets a single mother."
Minority Report,2002,PG-13,145 min,"Action, Crime, Mystery",7.6,$132.07M,"556,107",Steven Spielberg,"In a future where a special police unit is able to arrest murderers before they commit their crimes, an officer from that unit is himself accused of a future murder."
Joe Dirt,2001,PG-13,91 min,"Adventure, Comedy, Drama",5.9,$27.09M,"57,861",Dennie Gordon,"After being abandoned by his parents at the Grand Canyon, Joe Dirt tells the story of his journey to find his parents."
Avatar,2009,PG-13,162 min,"Action, Adventure, Fantasy",7.9,$760.51M,"1,303,387",James Cameron,A paraplegic Marine dispatched to the moon Pandora on a unique mission becomes torn between following his orders and protecting the world he feels is his home.
Man on Fire,2004,R,146 min,"Action, Crime, Drama",7.7,$77.91M,"366,844",Tony Scott,"In Mexico City, a former CIA operative swears vengeance on those who committed an unspeakable act against the family he was hired to protect."
Terminator 2: Judgment Day,1991,R,137 min,"Action, Sci-Fi",8.6,$204.84M,"1,102,900",James Cameron,"A cyborg, identical to the one who failed to kill Sarah Connor, must now protect her 10-year old adolescent son John from an even more advanced and powerful cyborg."
Snatch,2000,R,102 min,"Comedy, Crime",8.2,$30.33M,"860,227",Guy Ritchie,"Unscrupulous boxing promoters, violent bookmakers, a Russian gangster, incompetent amateur robbers and supposedly Jewish jewelers fight to track down a priceless stolen diamond."
Beverly Hills Ninja,1997,PG-13,88 min,"Action, Comedy",5.5,$31.24M,"42,242",Dennis Dugan,A man tries to rescue a woman with a little help from his half brother.
Platoon,1986,R,120 min,"Drama, War",8.1,$138.53M,"417,026",Oliver Stone,"Chris Taylor, a neophyte recruit in Vietnam, finds himself caught in a battle of wills between two sergeants, one good and the other evil. A shrewd examination of the brutality of war and the duality of man in conflict."
The Last Castle,2001,R,131 min,"Action, Drama, Thriller",6.9,$18.21M,"81,603",Rod Lurie,A court-martialed General rallies together twelve hundred inmates to rise against a corrupt and sadistic warden.
Deja Vu,2006,PG-13,126 min,"Action, Crime, Sci-Fi",7.1,$64.04M,"314,135",Tony Scott,"After a ferry is bombed in New Orleans, an A.T.F. agent joins a unique investigation using experimental surveillance technology to find the bomber, but soon finds himself becoming obsessed with one of the victims."
The Usual Suspects,1995,R,106 min,"Crime, Drama, Mystery",8.5,$23.34M,"1,088,717",Bryan Singer,"A sole survivor tells of the twisty events leading up to a horrific gun battle on a boat, which began when five criminals met at a seemingly random police lineup."
Troy,2004,R,163 min,Drama,7.3,$133.38M,"539,458",Wolfgang Petersen,"An adaptation of Homer's great epic, the film follows the assault on Troy by the united Greek forces and chronicles the fates of the men involved."
The Life Aquatic with Steve Zissou,2004,R,119 min,"Action, Adventure, Comedy",7.2,$24.01M,"199,798",Wes Anderson,"With a plan to exact revenge on a mythical shark that killed his partner, Oceanographer Steve Zissou (Bill Murray) rallies a crew that includes his estranged wife, a journalist, and a man who may or may not be his son."
Major League,1989,R,107 min,"Comedy, Sport",7.2,$49.80M,"71,086",David S. Ward,"The new owner of the Cleveland Indians puts together a purposely horrible team so they'll lose and she can move the team. But when the plot is uncovered, they start winning just to spite her."
Pulp Fiction,1994,R,154 min,"Crime, Drama",8.9,$107.93M,"2,061,161",Quentin Tarantino,"The lives of two mob hitmen, a boxer, a gangster and his wife, and a pair of diner bandits intertwine in four tales of violence and redemption."
Saving Private Ryan,1998,R,169 min,"Drama, War",8.6,$216.54M,"1,395,670",Steven Spielberg,"Following the Normandy Landings, a group of U.S. soldiers go behind enemy lines to retrieve a paratrooper whose brothers have been killed in action."
The Departed,2006,R,151 min,"Crime, Drama, Thriller",8.5,$132.38M,"1,329,621",Martin Scorsese,An undercover cop and a mole in the police attempt to identify each other while infiltrating an Irish gang in South Boston.
Heat,1995,R,170 min,"Action, Crime, Drama",8.3,$67.44M,"658,939",Michael Mann,A group of high-end professional thieves start to feel the heat from the LAPD when they unknowingly leave a clue at their latest heist.
The Silence of the Lambs,1991,R,118 min,"Crime, Drama, Thriller",8.6,$130.74M,"1,436,892",Jonathan Demme,"A young F.B.I. cadet must receive the help of an incarcerated and manipulative cannibal killer to help catch another serial killer, a madman who skins his victims."
No Country for Old Men,2007,R,122 min,"Crime, Drama, Thriller",8.2,$74.28M,"978,575",Ethan Coen,Violence and mayhem ensue after a hunter stumbles upon a drug deal gone wrong and more than two million dollars in cash near the Rio Grande.
Toy Story,1995,G,81 min,"Animation, Adventure, Comedy",8.3,$191.80M,"997,568",John Lasseter,A cowboy doll is profoundly threatened and jealous when a new spaceman action figure supplants him as top toy in a boy's bedroom.
The Shawshank Redemption,1994,R,142 min,Drama,9.3,$28.34M,"2,686,522",Frank Darabont,"Over the course of several years, two convicts form a friendship, seeking consolation and, eventually, redemption through basic compassion."
Gangs of New York,2002,R,167 min,"Crime, Drama",7.5,$77.81M,"445,998",Martin Scorsese,"In 1862, Amsterdam Vallon returns to the Five Points area of New York City seeking revenge against Bill the Butcher, his father's killer."
The Lord of the Rings: The Two Towers,2002,PG-13,179 min,"Action, Adventure, Drama",8.8,$342.55M,"1,671,394",Peter Jackson,"While Frodo and Sam edge closer to Mordor with the help of the shifty Gollum, the divided fellowship makes a stand against Sauron's new ally, Saruman, and his hordes of Isengard."
Changeling,2008,R,141 min,"Biography, Crime, Drama",7.8,$35.74M,"257,472",Clint Eastwood,Grief-stricken mother Christine Collins (Angelina Jolie) takes on the L.A.P.D. to her own detriment when they try to pass off an obvious impostor as her missing child.
Rounders,1998,R,121 min,"Crime, Drama",7.3,$22.91M,"153,262",John Dahl,"A young, reformed gambler must return to playing big stakes poker to help a friend pay off loan sharks, while balancing his relationship with his girlfriend and his commitments to law school."
Casino Royale,2006,PG-13,144 min,"Action, Adventure, Thriller",8,$167.45M,"661,731",Martin Campbell,"After earning 00 status and a licence to kill, secret agent James Bond sets out on his first mission as 007. Bond must defeat a private banker funding terrorists in a high-stakes game of poker at Casino Royale, Montenegro."
The Whole Nine Yards,2000,R,98 min,"Comedy, Crime",6.7,$57.26M,"122,798",Jonathan Lynn,"A struggling dentist's life is turned upside down when a famous gangster moves in next door, and his wife convinces him to inform a notorious mob boss about the gangster's whereabouts."
Knockaround Guys,2001,R,92 min,"Crime, Drama, Thriller",6.1,$11.63M,"24,128",Brian Koppelman,"The wannabe sons of mobsters go to a remote town in the Midwest, and get themselves into more trouble than anyone could anticipate."
Ace Ventura: When Nature Calls,1995,PG-13,90 min,"Adventure, Comedy, Crime",6.4,$108.39M,"220,941",Steve Oedekerk,"Ace Ventura, Pet Detective, returns from a spiritual quest to investigate the disappearance of a rare white bat, the sacred animal of a tribe in Africa."
The Patriot,2000,R,165 min,"Action, Drama, History",7.2,$113.33M,"278,226",Roland Emmerich,Peaceful farmer Benjamin Martin is driven to lead the Colonial Militia during the American Revolution when a sadistic British officer murders his son.
The Goonies,1985,PG,114 min,"Adventure, Comedy, Family",7.7,$61.50M,"277,681",Richard Donner,A group of young misfits called The Goonies discover an ancient map and set out on an adventure to find a legendary pirate's long-lost treasure.
The Rock,1996,R,136 min,"Action, Adventure, Thriller",7.4,$134.07M,"341,665",Michael Bay,"A mild-mannered chemist and an ex-con must lead the counterstrike when a rogue group of military men, led by a renegade general, threaten a nerve gas attack from Alcatraz against San Francisco."
Bad Santa,2003,R,92 min,"Comedy, Crime, Drama",7.1,$60.06M,"147,800",Terry Zwigoff,A miserable conman and his partner pose as Santa and his Little Helper to rob department stores on Christmas Eve. But they run into problems when the conman befriends a troubled kid.
"Lock, Stock and Two Smoking Barrels",1998,R,107 min,"Action, Comedy, Crime",8.2,$3.90M,"585,808",Guy Ritchie,"Eddy persuades his three pals to pool money for a vital poker game against a powerful local mobster, Hatchet Harry. Eddy loses, after which Harry gives him a week to pay back 500,000 pounds."
Office Space,1999,R,89 min,Comedy,7.6,$10.82M,"270,321",Mike Judge,Three company workers who hate their jobs decide to rebel against their greedy boss.
Iron Man,2008,PG-13,126 min,"Action, Adventure, Sci-Fi",7.9,$318.41M,"1,063,320",Jon Favreau,"After being held captive in an Afghan cave, billionaire engineer Tony Stark creates a unique weaponized suit of armor to fight evil."
The Jackal,1997,R,124 min,"Action, Crime, Drama",6.4,$54.93M,"118,866",Michael Caton-Jones,"An imprisoned I.R.A. fighter is freed to help stop a brutal, seemingly ""faceless"" assassin from completing his next job."
Pirates of the Caribbean: The Curse of the Black Pearl,2003,PG-13,143 min,"Action, Adventure, Fantasy",8.1,$305.41M,"1,131,717",Gore Verbinski,"Blacksmith Will Turner teams up with eccentric pirate ""Captain"" Jack Sparrow to save his love, the governor's daughter, from Jack's former pirate allies, who are now undead."
Instinct,1999,R,126 min,"Drama, Thriller",6.5,$34.10M,"33,529",Jon Turteltaub,"When noted anthropologist Dr. Ethan Powell, who left society to live in the jungle, is imprisoned for murder, it's up to young psychiatrist Theo Caulder to get through to him."
Superbad,2007,R,113 min,Comedy,7.6,$121.46M,"585,982",Greg Mottola,Two co-dependent high school seniors are forced to deal with separation anxiety after their plan to stage a booze-soaked party goes awry.
The Lion King,1994,G,88 min,"Animation, Adventure, Drama",8.5,$422.78M,"1,062,024",Roger Allers,"Lion prince Simba and his father are targeted by his bitter uncle, who wants to ascend the throne himself."
Galaxy Quest,1999,PG,102 min,"Adventure, Comedy, Sci-Fi",7.4,$71.58M,"165,950",Dean Parisot,"The alumni cast of a space opera television series have to play their roles as the real thing when an alien race needs their help. However, they also have to defend both Earth and the alien race from a reptilian warlord."
Elf,2003,PG,97 min,"Adventure, Comedy, Family",7.1,$173.40M,"283,907",Jon Favreau,"Raised as an oversized elf, Buddy travels from the North Pole to New York City to meet his biological father, Walter Hobbs, who doesn't know he exists and is in desperate need of some Christmas spirit."
Scarface,1983,R,170 min,"Crime, Drama",8.3,$45.60M,"845,789",Brian De Palma,"In 1980 Miami, a determined Cuban immigrant takes over a drug cartel and succumbs to greed."
Mission: Impossible,1996,PG-13,110 min,"Action, Adventure, Thriller",7.1,$180.98M,"430,749",Brian De Palma,"An American agent, under false suspicion of disloyalty, must discover and expose the real spy without the help of his organization."
Meet the Parents,2000,PG-13,108 min,"Comedy, Romance",7,$166.24M,"338,967",Jay Roach,"Male nurse Greg Focker meets his girlfriend's parents before proposing, but her suspicious father is every date's worst nightmare."
Fracture,2007,R,113 min,"Crime, Drama, Thriller",7.2,$39.02M,"208,276",Gregory Hoblit,An attorney intending on climbing the career ladder toward success finds an unlikely opponent in a manipulative criminal he is trying to prosecute.
Street Kings,2008,R,109 min,"Action, Crime, Thriller",6.8,$26.42M,"115,424",David Ayer,"An undercover cop, disillusioned by the death of his wife, is implicated in the murder of an officer and must struggle to clear himself."
Mrs. Doubtfire,1993,PG-13,125 min,"Comedy, Drama",7.1,$219.20M,"271,223",Chris Columbus,"After a bitter divorce, an actor disguises himself as a female housekeeper to spend time with his children held in custody by his former wife."
X-Men,2000,PG-13,104 min,"Action, Adventure, Sci-Fi",7.3,$157.30M,"619,511",Bryan Singer,"In a world where mutants (evolved super-powered humans) exist and are discriminated against, two groups form for an inevitable clash: the supremacist Brotherhood, and the pacifist X-Men."
Little Giants,1994,PG,107 min,"Comedy, Family, Sport",6.4,$19.29M,"29,269",Duwayne Dunham,"Misfits form their own opposing team to an elite peewee football team, coached by the elite team coach's brother."
The Nutty Professor,1996,PG-13,95 min,"Comedy, Romance, Sci-Fi",5.7,$128.81M,"118,695",Tom Shadyac,Grossly overweight yet good-hearted professor Sherman Klump takes a special chemical that turns him into the slim but obnoxious Buddy Love.
Willy Wonka & the Chocolate Factory,1971,G,100 min,"Family, Fantasy, Musical",7.8,$4.00M,"205,177",Mel Stuart,A poor but hopeful boy seeks one of the five coveted golden tickets that will send him on a tour of Willy Wonka's mysterious chocolate factory.
Inglourious Basterds,2009,R,153 min,"Adventure, Drama, War",8.3,$120.54M,"1,455,333",Quentin Tarantino,"In Nazi-occupied France during World War II, a plan to assassinate Nazi leaders by a group of Jewish U.S. soldiers coincides with a theatre owner's vengeful plans for the same."
The Kingdom,2007,R,110 min,"Action, Drama, Thriller",7,$47.54M,"126,835",Peter Berg,A team of U.S. government agents are sent to investigate the bombing of an American facility in the Middle East.
Insomnia,2002,R,118 min,"Drama, Mystery, Thriller",7.2,$67.36M,"298,398",Christopher Nolan,Two Los Angeles homicide detectives are dispatched to a northern town where the sun doesn't set to investigate the methodical murder of a local teen.
The Fugitive,1993,PG-13,130 min,"Action, Crime, Drama",7.8,$183.88M,"298,500",Andrew Davis,"Dr. Richard Kimble, unjustly accused of murdering his wife, must find the real killer while being the target of a nationwide manhunt led by a seasoned U.S. Marshal."
The Replacements,2000,PG-13,118 min,"Comedy, Sport",6.6,$44.74M,"66,167",Howard Deutch,"During a pro football strike, the owners hire substitute players."
Super Troopers,2001,R,100 min,"Comedy, Crime, Mystery",7,$18.49M,"106,745",Jay Chandrasekhar,"Five Vermont state troopers, avid pranksters with a knack for screwing up, try to save their jobs and out-do the local police department by solving a crime."
Ferris Bueller's Day Off,1986,PG-13,103 min,Comedy,7.8,$70.14M,"362,652",John Hughes,"A high school wise guy is determined to have a day off from school, despite what the Principal thinks of that."
Inside Man,2006,R,129 min,"Crime, Drama, Mystery",7.6,$88.51M,"376,735",Spike Lee,"A police detective, a bank robber, and a high-power broker enter high-stakes negotiations after the criminal's brilliant heist spirals into a hostage situation."
The Avengers,2012,PG-13,143 min,"Action, Adventure, Sci-Fi",8,$623.28M,"1,395,139",Joss Whedon,Earth's mightiest heroes must come together and learn to fight as a team if they are going to stop the mischievous Loki and his alien army from enslaving humanity.
Along Came a Spider,2001,R,104 min,"Drama, Thriller",6.4,$74.08M,"89,107",Lee Tamahori,"When a senator's daughter under Secret Service protection is kidnapped from a private school, detective Alex Cross investigates the case even though he's recovering from the loss of his partner."
The Untouchables,1987,R,119 min,"Crime, Drama, Thriller",7.8,$76.27M,"313,183",Brian De Palma,"During the era of Prohibition in the United States, Federal Agent Eliot Ness sets out to stop ruthless Chicago gangster Al Capone and, because of rampant corruption, assembles a small, hand-picked team to help him."
Speed,1994,R,116 min,"Action, Adventure, Thriller",7.3,$121.25M,"368,085",Jan de Bont,A young police officer must prevent a bomb exploding aboard a city bus by keeping its speed above 50 mph.
Gone in 60 Seconds,2000,PG-13,118 min,"Action, Crime, Thriller",6.5,$101.65M,"281,633",Dominic Sena,A retired master car thief must come back to the industry and steal fifty cars with his crew in one night to save his brother's life.
Angels & Demons,2009,PG-13,138 min,"Action, Mystery, Thriller",6.7,$133.38M,"296,223",Ron Howard,Harvard symbologist Robert Langdon works with a nuclear physicist to solve a murder and prevent a terrorist act against the Vatican during one of the significant events within the church.
Dogma,1999,R,130 min,"Adventure, Comedy, Drama",7.3,$30.65M,"220,163",Kevin Smith,An abortion clinic worker with a special heritage is called upon to save the existence of humanity from being negated by two renegade angels trying to exploit a loop-hole and reenter Heaven.
The Sandlot,1993,PG,101 min,"Comedy, Drama, Family",7.8,$32.42M,"94,192",David Mickey Evans,"In the summer of 1962, a new kid in town is taken under the wing of a young baseball prodigy and his rowdy team, resulting in many adventures."
Men in Black,1997,PG-13,98 min,"Action, Adventure, Comedy",7.3,$250.69M,"573,621",Barry Sonnenfeld,A police officer joins a secret organization that polices and monitors extraterrestrial interactions on Earth.
Narc,2002,R,105 min,"Crime, Drama, Mystery",7.1,$10.46M,"41,582",Joe Carnahan,When the trail goes cold on a murder investigation of a policeman an undercover narcotics officer is lured back to the force to help solve the case.
Fallen,1998,R,124 min,"Action, Crime, Drama",7,$25.19M,"84,955",Gregory Hoblit,"Homicide detective John Hobbes witnesses the execution of serial killer Edgar Reese. Soon after the execution, the killings start again, and they are very similar to Reese's style."
Grandma's Boy,2006,R,94 min,Comedy,6.9,$6.09M,"84,819",Nicholaus Goossen,A thirty-five-year-old video game tester has to move in with his grandma and her two old lady roommates.
State of Play,2009,PG-13,127 min,"Crime, Drama, Mystery",7.1,$37.02M,"154,257",Kevin Macdonald,"When a congressional aide is killed, a Washington, D.C. journalist starts investigating the case involving the Representative, his old college friend."
The Bourne Supremacy,2004,PG-13,108 min,"Action, Mystery, Thriller",7.7,$176.24M,"467,046",Paul Greengrass,"When Jason Bourne is framed for a CIA operation gone awry, he is forced to resume his former life as a trained assassin to survive."
Point Break,1991,R,122 min,"Action, Crime, Thriller",7.2,$43.22M,"186,346",Kathryn Bigelow,An F.B.I. Agent goes undercover to catch a gang of surfers who may be bank robbers.
Taken,I 2008,PG-13,90 min,"Action, Crime, Thriller",7.8,$145.00M,"606,917",Pierre Morel,"A retired CIA agent travels across Europe and relies on his old skills to save his estranged daughter, who has been kidnapped while on a trip to Paris."
Big,1988,PG,104 min,"Comedy, Drama, Fantasy",7.3,$114.97M,"224,539",Penny Marshall,"After wishing to be made big, a teenage boy wakes the next morning to find himself mysteriously in the body of an adult."
The Butterfly Effect,2004,R,113 min,"Drama, Sci-Fi, Thriller",7.6,$57.94M,"493,541",Eric Bress,"Evan Treborn suffers blackouts during significant events of his life. As he grows up, he finds a way to remember these lost memories and a supernatural way to alter his life by reading his journal."
Saving Silverman,2001,PG-13,90 min,"Comedy, Crime, Romance",5.8,$19.35M,"41,057",Dennis Dugan,A pair of buddies conspire to save their best friend from marrying the wrong woman.
Untraceable,2008,R,101 min,"Crime, Mystery, Thriller",6.2,$28.69M,"51,286",Gregory Hoblit,"FBI agent Jennifer Marsh is tasked with hunting down a seemingly untraceable serial killer who posts live videos of his victims on the Internet. As time runs out, the cat and mouse chase becomes more personal."
War of the Worlds,2005,PG-13,116 min,"Action, Adventure, Sci-Fi",6.5,$234.28M,"452,559",Steven Spielberg,An alien invasion threatens the future of humanity. The catastrophic nightmare is depicted through the eyes of one American family fighting for survival.
V for Vendetta,2005,R,132 min,"Action, Drama, Sci-Fi",8.2,$70.51M,"1,125,791",James McTeigue,"In a future British dystopian society, a shadowy freedom fighter, known only by the alias of ""V"", plots to overthrow the tyrannical government - with the help of a young woman."
Armageddon,1998,PG-13,151 min,"Action, Adventure, Sci-Fi",6.7,$201.57M,"429,846",Michael Bay,"After discovering that an asteroid the size of Texas will impact Earth in less than a month, NASA recruits a misfit team of deep-core drillers to save the planet."
A Time to Kill,1996,R,149 min,"Crime, Drama, Thriller",7.5,$108.77M,"163,747",Joel Schumacher,"In Clanton, Mississippi, a fearless young lawyer and his assistant defend a black man accused of murdering two white men who raped his ten-year-old daughter, inciting violent retribution and revenge from the Ku Klux Klan."
Copycat,1995,R,123 min,"Drama, Mystery, Thriller",6.6,$32.05M,"61,032",Jon Amiel,An agoraphobic psychologist and a female detective must work together to take down a serial killer who copies serial killers from the past.
Cast Away,2000,PG-13,143 min,"Adventure, Drama, Romance",7.8,$233.63M,"596,899",Robert Zemeckis,A FedEx executive undergoes a physical and emotional transformation after crash landing on a deserted island.
The Dark Knight Rises,2012,PG-13,164 min,"Action, Drama",8.4,$448.14M,"1,709,717",Christopher Nolan,"Eight years after the Joker's reign of chaos, Batman is coerced out of exile with the assistance of the mysterious Selina Kyle in order to defend Gotham City from the vicious guerrilla terrorist Bane."
Bull Durham,1988,R,108 min,"Comedy, Romance, Sport",7,$50.89M,"55,725",Ron Shelton,A fan who has an affair with one minor-league baseball player each season meets an up-and-coming pitcher and the experienced catcher assigned to him.
We Were Soldiers,2002,R,138 min,"Action, Drama, History",7.1,$78.12M,"144,071",Randall Wallace,"The story of the first major battle of the American phase of the Vietnam War, and the soldiers on both sides that fought it, while their wives wait nervously and anxiously at home for the good news or the bad news."
Evolution,2001,PG-13,101 min,"Comedy, Sci-Fi",6.1,$38.35M,"130,525",Ivan Reitman,"A fire-fighting cadet, two college professors, and a geeky but sexy government scientist work against an alien organism that has been rapidly evolving since its arrival on Earth inside a meteor."
Lincoln,2012,PG-13,150 min,"Biography, Drama, History",7.3,$182.21M,"262,666",Steven Spielberg,"As the American Civil War continues to rage, America's president struggles with continuing carnage on the battlefield as he fights with many inside his own cabinet on the decision to emancipate the slaves."
The Green Mile,1999,R,189 min,"Crime, Drama, Fantasy",8.6,$136.80M,"1,306,089",Frank Darabont,"The lives of guards on Death Row are affected by one of their charges: a black man accused of child murder and rape, yet who has a mysterious gift."
Kiss Kiss Bang Bang,2005,R,103 min,"Comedy, Crime, Mystery",7.5,$4.24M,"229,273",Shane Black,"After being mistaken for an actor, a New York thief is sent to Hollywood to train under a private eye for a potential movie role, but the duo are thrown together with a struggling actress into a murder mystery."
Jay and Silent Bob Strike Back,2001,R,104 min,Comedy,6.8,$30.09M,"156,568",Kevin Smith,"The comic ""Bluntman and Chronic"" is based on real-life stoners Jay and Silent Bob, so when they get no profit from a big-screen adaptation, they set out to wreck the movie."
American Pie,1999,R,95 min,Comedy,7,$102.56M,"410,978",Paul Weitz,Four teenage boys enter a pact to lose their virginity by prom night.
"Mystery, Alaska",1999,R,119 min,"Comedy, Drama, Sport",6.7,$8.89M,"27,456",Jay Roach,The residents of a small town get over-excited when their hockey team gets chosen to host a televised event.
Thor,2011,PG-13,115 min,"Action, Adventure, Fantasy",7,$181.03M,"853,756",Kenneth Branagh,"The powerful but arrogant god Thor is cast out of Asgard to live amongst humans in Midgard (Earth), where he soon becomes one of their finest defenders."
Due Date,2010,R,95 min,"Comedy, Drama",6.5,$100.54M,"346,481",Todd Phillips,High-strung father-to-be Peter Highman is forced to hitch a ride with aspiring actor Ethan Tremblay on a road trip in order to make it to his child's birth on time.
Jumanji,1995,PG,104 min,"Adventure, Comedy, Family",7,$100.48M,"350,772",Joe Johnston,"When two kids find and play a magical board game, they release a man trapped in it for decades - and a host of dangers that can only be stopped by finishing the game."
What Women Want,2000,PG-13,127 min,"Comedy, Fantasy, Romance",6.4,$182.81M,"210,582",Nancy Meyers,"A cocky, chauvinistic advertising executive magically acquires the ability to hear what women are thinking."
Old School,2003,R,88 min,Comedy,7,$75.59M,"234,665",Todd Phillips,Three friends attempt to recapture their glory days by opening up a fraternity near their alma mater.
Training Day,2001,R,122 min,"Action, Crime, Drama",7.7,$76.63M,"440,961",Antoine Fuqua,A rookie cop spends his first day as a Los Angeles narcotics officer with a rogue detective who isn't what he appears to be.
Top Gun,1986,PG,109 min,"Action, Drama",6.9,$179.80M,"452,896",Tony Scott,"As students at the United States Navy's elite fighter weapons school compete to be best in the class, one daring young pilot learns a few things from a civilian instructor that are not taught in the classroom."
Friday,1995,R,91 min,"Comedy, Drama",7.2,$27.47M,"115,873",F. Gary Gray,"It's Friday, and Craig and Smokey must come up with $200 they owe a local bully or there won't be a Saturday."
Full Metal Jacket,1987,R,116 min,"Drama, War",8.3,$46.36M,"746,147",Stanley Kubrick,A pragmatic U.S. Marine observes the dehumanizing effects the Vietnam War has on his fellow recruits from their brutal boot camp training to the bloody street fighting in Hue.
Donnie Darko,2001,R,113 min,"Drama, Mystery, Sci-Fi",8,$1.48M,"806,040",Richard Kelly,"After narrowly escaping a bizarre accident, a troubled teenager is plagued by visions of a man in a large rabbit suit who manipulates him to commit a series of crimes."
Dirty Work,1998,PG-13,82 min,Comedy,6.4,$9.98M,"28,370",Bob Saget,A loser finds success in the revenge-for-hire business.
Transformers,2007,PG-13,144 min,"Action, Adventure, Sci-Fi",7,$319.25M,"642,529",Michael Bay,"An ancient struggle between two Cybertronian races, the heroic Autobots and the evil Decepticons, comes to Earth, with a clue to the ultimate power held by a teenager."
Crash,I 2004,R,112 min,"Crime, Drama, Thriller",7.8,$54.58M,"438,568",Paul Haggis,"Los Angeles citizens with vastly separate lives collide in interweaving stories of race, loss and redemption."
The Mummy,1999,PG-13,124 min,"Action, Adventure, Fantasy",7.1,$155.25M,"434,167",Stephen Sommers,"At an archaeological dig in the ancient city of Hamunaptra, an American serving in the French Foreign Legion accidentally awakens a mummy who begins to wreak havoc as he searches for the reincarnation of his long-lost love."
The Devil's Rejects,2005,R,107 min,"Crime, Horror, Western",6.7,$17.04M,"101,764",Rob Zombie,"The murderous, backwoods Firefly family take to the road to escape the vengeful Sheriff Wydell, who is not afraid of being as ruthless as his target."
Slap Shot,1977,R,123 min,"Comedy, Drama, Sport",7.3,$28.00M,"38,328",George Roy Hill,A failing ice hockey team finds success with outrageously violent hockey goonery.
Ocean's Eleven,2001,PG-13,116 min,"Crime, Thriller",7.7,$183.42M,"579,763",Steven Soderbergh,Danny Ocean and his ten accomplices plan to rob three Las Vegas casinos simultaneously.
Lucky Number Slevin,2006,R,110 min,"Crime, Drama, Thriller",7.7,$22.49M,"315,646",Paul McGuigan,"A case of mistaken identity lands Slevin into the middle of a war being plotted by two of the city's most rival crime bosses. Under constant surveillance by Detective Brikowski and assassin Goodkat, he must get them before they get him."
Despicable Me,2010,PG,95 min,"Comedy, Crime, Thriller",6.7,$12.59M,"45,378",Richard Shepard,A globetrotting hitman and a crestfallen businessman meet in a hotel bar in Mexico City in an encounter that draws them together in a way neither expected.
Blow,2001,R,124 min,"Biography, Crime, Drama",7.5,$52.99M,"263,268",Ted Demme,"The story of how George Jung, along with the Medellín Cartel headed by Pablo Escobar, established the American cocaine market in the 1970s in the United States."
Predator,1987,R,107 min,"Action, Adventure, Horror",7.8,$59.74M,"427,180",John McTiernan,A team of commandos on a mission in a Central American jungle find themselves hunted by an extraterrestrial warrior.
Hoosiers,1986,PG,114 min,"Drama, Sport",7.4,$28.61M,"47,989",David Anspaugh,A coach with a checkered past and a local drunk train a small town high school basketball team to become a top contender for the championship.
Back to the Future,1985,PG,116 min,"Adventure, Comedy, Sci-Fi",8.5,$210.61M,"1,210,058",Robert Zemeckis,"Marty McFly, a 17-year-old high school student, is accidentally sent 30 years into the past in a time-traveling DeLorean invented by his close friend, the maverick scientist Doc Brown."
There Will Be Blood,2007,R,158 min,Drama,8.2,$40.22M,"590,438",Paul Thomas Anderson,"A story of family, religion, hatred, oil and madness, focusing on a turn-of-the-century prospector in the early days of the business."
GoldenEye,1995,PG-13,130 min,"Action, Adventure, Thriller",7.2,$106.60M,"259,647",Martin Campbell,"Years after a friend and fellow 00 agent is killed on a joint mission, a Russian crime syndicate steals a secret space-based weapons program known as ""GoldenEye"" and James Bond has to stop them from using it."
Constantine,2005,R,121 min,"Action, Fantasy, Horror",7,$75.98M,"350,781",Francis Lawrence,"Supernatural exorcist and demonologist John Constantine helps a policewoman prove her sister's death was not a suicide, but something more."
Reindeer Games,2000,R,104 min,"Action, Adventure, Crime",5.8,$23.36M,"40,803",John Frankenheimer,"After assuming his dead cell-mate's identity to get with the other man's girlfriend, an ex-convict finds himself a reluctant participant in a casino heist."
Screwed,2000,PG-13,81 min,"Comedy, Crime",5.6,$7.03M,"9,242",Scott Alexander,"A chauffeur kidnaps his rich boss's dog to hold it for ransom, but when she accidentally gets the dog back, she thinks that it's the chauffeur who's been kidnapped."
Jack,1996,PG-13,113 min,"Comedy, Drama, Fantasy",5.8,$58.62M,"61,484",Francis Ford Coppola,"Because of an unusual disorder that has aged him four times faster than a typical human being, a boy looks like a 40-year-old man as he starts fifth grade at public school after being homeschooled."
Reign of Fire,2002,PG-13,101 min,"Action, Adventure, Fantasy",6.2,$43.06M,"138,522",Rob Bowman,"A brood of fire-breathing dragons emerges from the earth and begins setting everything ablaze, establishing dominance over the planet."
Matchstick Men,2003,PG-13,116 min,"Comedy, Crime, Drama",7.3,$36.91M,"132,773",Ridley Scott,A phobic con artist and his protégé are on the verge of pulling off a lucrative swindle when the former's teenage daughter arrives unexpectedly.
Stranger Than Fiction,2006,PG-13,113 min,"Comedy, Drama, Fantasy",7.6,$40.14M,"230,570",Marc Forster,"I.R.S. auditor Harold Crick suddenly finds his mundane Chicago life to be the subject of narration only he can hear: narration that begins to affect his entire existence, from his work to his love life to his death."
Vantage Point,2008,PG-13,90 min,"Action, Crime, Drama",6.6,$72.27M,"151,343",Pete Travis,The attempted assassination of the American President is told and re-told from several different perspectives.
Life,I 1999,R,108 min,"Comedy, Crime, Drama",6.7,$63.84M,"51,637",Ted Demme,"In 1932, two strangers are wrongfully convicted and develop a strong friendship in prison that lasts them through the 20th century."
Swordfish,2001,R,99 min,"Action, Crime, Thriller",6.5,$69.77M,"189,508",Dominic Sena,"A covert counter-terrorist unit called Black Cell led by Gabriel Shear wants the money to help finance their war against international terrorism, but it's all locked away. Gabriel brings in convicted hacker Stanley Jobson to help him."
Jerry Maguire,1996,R,139 min,"Comedy, Drama, Romance",7.3,$153.95M,"269,972",Cameron Crowe,"When a sports agent has a moral epiphany and is fired for expressing it, he decides to put his new philosophy to the test as an independent agent with the only athlete who stays with him and his former colleague."
Blade,1998,R,120 min,"Action, Horror, Sci-Fi",7.1,$70.09M,"278,576",Stephen Norrington,"A half-vampire, half-mortal man becomes a protector of the mortal race, while slaying evil vampires."
The Punisher,2004,R,124 min,"Action, Crime, Drama",6.4,$33.68M,"162,353",Jonathan Hensleigh,An undercover FBI agent becomes a vigilante and sets out to unleash his wrath upon the corrupt businessman who slaughtered his entire family at a reunion.
National Treasure,2004,PG,131 min,"Action, Adventure, Mystery",6.9,$173.01M,"337,344",Jon Turteltaub,A historian races to find the legendary Templar Treasure before a team of mercenaries.
Maverick,1994,PG,127 min,"Action, Adventure, Comedy",7,$101.63M,"113,513",Richard Donner,"Bret Maverick, needing money for a poker tournament, faces various comic mishaps and challenges, including a charming woman thief."
Big Daddy,1999,PG-13,93 min,"Comedy, Drama",6.4,$163.48M,"220,801",Dennis Dugan,"A lazy law-school grad adopts a kid to impress his girlfriend, but everything doesn't go as planned and he becomes the unlikely foster father."
Talladega Nights: The Ballad of Ricky Bobby,2006,PG-13,108 min,"Comedy, Sport",6.6,$148.21M,"187,698",Adam McKay,"Number one NASCAR driver Ricky Bobby stays atop the heap thanks to a pact with his best friend and teammate, Cal Naughton, Jr. But when a French Formula One driver, makes his way up the ladder, Ricky Bobby's talent and devotion are put to the test."
The Score,2001,R,124 min,"Action, Crime, Drama",6.8,$71.07M,"129,552",Frank Oz,An aging thief hopes to retire and live off his ill-gotten wealth when a young kid convinces him into doing one last heist.
Hostel,2005,R,94 min,Horror,5.9,$47.33M,"182,699",Eli Roth,"Three backpackers head to a Slovak city that promises to meet their hedonistic expectations, with no idea of the hell that awaits them."
The Bourne Ultimatum,2007,PG-13,115 min,"Action, Mystery, Thriller",8,$227.47M,"637,796",Paul Greengrass,Jason Bourne dodges a ruthless C.I.A. official and his Agents from a new assassination program while searching for the origins of his life as a trained killer.
Traffic,2000,R,147 min,"Crime, Drama, Thriller",7.6,$124.12M,"209,317",Steven Soderbergh,"A conservative judge is appointed by the President to spearhead America's escalating war against drugs, only to discover that his teenage daughter is a crack addict. Two DEA agents protect an informant. A jailed drug baron's wife attempts to carry on the family business."
The Longest Yard,2005,PG-13,113 min,"Comedy, Crime, Sport",6.4,$158.12M,"182,298",Peter Segal,Prison inmates form a football team to challenge the prison guards.
Night at the Museum,2006,PG,108 min,"Adventure, Comedy, Family",6.4,$250.86M,"353,604",Shawn Levy,A newly recruited night security guard at the Museum of Natural History discovers that an ancient curse causes the animals and exhibits on display to come to life and wreak havoc.
The Santa Clause,1994,PG,97 min,"Comedy, Drama, Family",6.5,$144.83M,"123,820",John Pasquin,"When a man inadvertently makes Santa fall off his roof on Christmas Eve, he finds himself magically recruited to take his place."
From Hell,2001,R,122 min,"Horror, Mystery, Thriller",6.7,$31.60M,"157,760",Albert Hughes,"In Victorian-era London, a troubled clairvoyant police detective investigates the murders of Jack the Ripper."
Pitch Black,2000,R,109 min,"Action, Horror, Sci-Fi",7.1,$39.24M,"242,547",David Twohy,A transport ship crashes and leaves its crew stranded on a desert planet inhabited by bloodthirsty creatures that come out during an eclipse.
True Lies,1994,R,141 min,"Action, Comedy, Thriller",7.3,$146.28M,"263,062",James Cameron,"A fearless, globe-trotting, terrorist-battling secret agent has his life turned upside down when he discovers his wife might be having an affair with a used-car salesman while terrorists smuggle nuclear war heads into the United States."
The Sixth Man,1997,PG-13,107 min,"Comedy, Drama, Fantasy",5.6,$14.71M,"6,045",Randall Miller,A college athlete returns from the dead to help his brother's basketball team win the NCAA title.
Con Air,1997,R,115 min,"Action, Crime, Thriller",6.9,$101.12M,"303,106",Simon West,Newly-paroled ex-con and former U.S. Ranger Cameron Poe finds himself trapped in a prisoner-transport plane when the passengers seize control.
Bad Boys,1995,R,119 min,"Action, Comedy, Crime",6.8,$65.81M,"269,199",Michael Bay,Two hip detectives protect a witness to a murder while investigating a case of stolen heroin from the evidence storage room from their police precinct.
After the Sunset,2004,PG-13,97 min,"Action, Comedy, Crime",6.2,$28.33M,"48,250",Brett Ratner,"The story of what happens after a master thief achieves his last big score, when the F.B.I. Agent who promised he'd capture him, is about to do just that."
The Bone Collector,1999,R,118 min,"Crime, Drama, Mystery",6.7,$66.52M,"172,899",Phillip Noyce,A quadriplegic ex-homicide detective and his partner try to track down a serial killer who is terrorizing New York City.
Ronin,1998,R,122 min,"Action, Crime, Thriller",7.2,$41.62M,"186,095",John Frankenheimer,A freelancing former U.S. Intelligence Agent tries to track down a mysterious package that is wanted by the Irish and the Russians.
Behind Enemy Lines,2001,PG-13,106 min,"Action, Drama, Thriller",6.4,$59.07M,"107,247",John Moore,"A disillusioned pilot shot down over war-torn Bosnia is ensnared in the conflict in war-torn Bosnia. In the crosshairs of the enemy and an assassin, the spoiled pilot runs for his life as his commanding officer risks all to save him."
Snake Eyes,1998,R,98 min,"Crime, Mystery, Thriller",6.1,$55.59M,"83,038",Brian De Palma,A shady police detective finds himself in the middle of a murder conspiracy at an important boxing match in an Atlantic City casino.
Casper,1995,PG,100 min,"Comedy, Family, Fantasy",6.1,$100.33M,"137,331",Brad Silberling,An afterlife therapist and his daughter meet a friendly young ghost when they move into a crumbling mansion in order to rid the premises of wicked spirits.
Charlie and the Chocolate Factory,2005,PG,115 min,"Adventure, Comedy, Family",6.7,$206.46M,"487,494",Tim Burton,"A young boy wins a tour through the most magnificent chocolate factory in the world, led by the world's most unusual candy maker."
Field of Dreams,1989,PG,107 min,"Drama, Family, Fantasy",7.5,$64.43M,"121,022",Phil Alden Robinson,"Iowa farmer Ray Kinsella is inspired by a voice he can't ignore to pursue a dream he can hardly believe. Supported by his wife, Ray begins the quest by turning his ordinary cornfield into a place where dreams can come true."
The Net,I 1995,PG-13,114 min,"Action, Crime, Drama",5.9,$50.73M,"69,319",Irwin Winkler,"A computer programmer stumbles upon a conspiracy, putting her life and the lives of those around her in great danger."
The Italian Job,2003,PG-13,111 min,"Action, Crime, Thriller",7,$106.13M,"372,094",F. Gary Gray,"After being betrayed and left for dead in Italy, Charlie Croker and his team plan an elaborate gold heist against their former ally."
Reign Over Me,2007,R,124 min,Drama,7.4,$19.66M,"97,473",Mike Binder,A man who lost his family in the September 11 attack on New York City runs into his old college roommate. Rekindling the friendship is the one thing that appears able to help the man recover from his grief.
The Fifth Element,1997,PG-13,126 min,"Action, Adventure, Sci-Fi",7.6,$63.54M,"477,801",Luc Besson,"In the colorful future, a cab driver unwittingly becomes the central figure in the search for a legendary cosmic weapon to keep Evil and Mr. Zorg at bay."
Entrapment,1999,PG-13,113 min,"Action, Crime, Romance",6.3,$87.70M,"117,764",Jon Amiel,An insurance agent is sent by her employer to track down and help capture an art thief.
Face/Off,1997,R,138 min,"Action, Crime, Sci-Fi",7.3,$112.23M,"381,128",John Woo,"To foil a terrorist plot, an FBI agent undergoes facial transplant surgery to assume the identity of the criminal mastermind who murdered his only son, but the criminal wakes up prematurely and seeks revenge."
